freq,word,emoji,arasaac_id,category,accusative
1,kő,🪨,6594,nature,követ
1,levél,🍃,5077,nature,levelet
1,napraforgó,🌻,11274,flower,napraforgót
1,rózsa,🌹,3151,flower,rózsát
1,szivárvány,🌈,2986,weather,szivárványt
1,tenger,,2925,nature,
1,tulipán,🌷,3163,flower,tulipánt
1,tűz,🔥,4664,nature,tüzet
1,villám,⚡,2819,weather,villámot
1,virág,🌸,3102,flower,virágot
1,óceán,,32699,nature,
2,barlang,,2729,nature,
2,bokor,,25853,nature,
2,bolygó,🪐,2829,nature,bolygót
2,domb,,38728,nature,
2,dzsungel,,3385,nature,
2,dér,,25153,weather,
2,fenyőfa,🌲,3051,nature,fenyőfát
2,gesztenye,🌰,3183,nature,gesztenyét
2,homok,,4565,nature,
2,hullám,🌊,4706,nature,hullámot
2,ibolya,,11395,flower,
2,jégeső,,3110,weather,
2,kagyló,🐚,2645,nature,kagylót
2,kéreg,,39651,nature,
2,köd,🌫️,36681,weather,ködöt
2,lóhere,🍀,7281,nature,lóherét
2,margaréta,🌼,3127,flower,margarétát
2,moha,,28843,nature,
2,napsütés,,2796,weather,
2,patak,,23757,nature,
2,pipacs,,6897,flower,
2,pocsolya,,25936,nature,
2,szalma,,6163,nature,
2,sziget,🏝️,2966,nature,szigetet
2,szél,🌬️,23731,weather,szelet
2,tó,,6022,nature,
2,vulkán,🌋,6247,nature,vulkánt
2,vízesés,,5951,nature,
2,völgy,,6238,nature,
3,lótusz,🪷,8585,flower,lótuszt
3,tornádó,🌪️,5598,weather,tornádót
3,üstökös,☄️,2711,nature,üstököst
